{
  "simple_select_authors": {
    "times": [
      61.78236103057861
    ],
    "memories": [
      5394843.6689453125
    ],
    "output_lengths": [
      18805873
    ]
  },
  "simple_count_posts": {
    "times": [
      12.453909873962402
    ],
    "memories": [
      64.734375
    ],
    "output_lengths": [
      1
    ]
  }
}