{
  "simple_select_authors": {
    "times": [
      32.73475098609924
    ],
    "memories": [
      2505984.5791015625
    ],
    "output_lengths": [
      8754351
    ]
  },
  "simple_count_posts": {
    "times": [
      16.165886640548706
    ],
    "memories": [
      34.2724609375
    ],
    "output_lengths": [
      1
    ]
  }
}